Alodie, Andre, Arnand, Astien, Barnand, Bereditte, Birard, Ciel, Cirges, Danders, Daric, Debentien, Detritus, Dilborn, Elbert, Ernand, Ernard, Faric, Fenas, Ferarilie, Francois, Frizkav, Frostien, Gaban, Geon, Geor, Inwold, Irbran, Jadier, Jeanciele, Jerian, Jocien, Joncis, Juillen, Lanie, Listien, Louis, Manis, Marcel, Mebestien, Merard, Merthierry, Myn, Noleon, Ormax, Orrent, Paur, Perien, Phane, Relien, Rerlas, Roberto, Ruran, Simine, Socucius, Thetrard, Varnis, Ylbert, Eduard, Gaston, Guilbert, Achille, Aelwin, Alberic, Aleron, Alix, Ambroise, Amiable, Ancus, Andre, Antoine, Astav, Baragon, Barthel, Baurion, Beran, Bradon, Brucetus, Christophe, Claude, Colin, Corrick, Damian, Davide, Didier, Edgar, Ernest, Eugal, Ferrum, Floyd, Francois, Gan, Gaspar, Gepard, Gerard, Grantham, Gregory, Hannibal, Hastrel, Istirus, Jakben, Jauffre, Jean-Pierre, Jhared, Jim, Kastus, Lazare, Lewin, Marc, Marcel, Mathieu, Matthias, Norbert, Ogier, Philip, Renald, Reynald, Roderic, Roland, Rowley, Salomon, Samuel, Sam, Traelius, Theranis, Thorley, Timothee, Vicente, Vincent, Morven, Alain, Amaund, Anton, Arniel, Belethor, Bendt, Blaise, Brandish, Cedran, Clinton, Cynric, Dalan, Delacourt, Delvin, Dorian, Eltrys, Emmanuel, Erj, Esmond, Etienne, Francois, Gauldur, Giraud, Glover, Hamelyn, Herluin, Jouane, Krag, Louis, Malkoran, Maurice, Mercer, Moric, Octieve, Phinis, Rahd, Rondach, Sam, Sebastian, Staubin, Stromm, Thomas, Willem, Erwan, Gerard, Thomas, Alard, Cambio, Donel, Drago, Emilien, Gaston, Geon, Gilles, Giraud, Irvic, Julien, Laurisac, Lucas, Mael, Marane, Marent, Achille, Alain, Alessiac, Aloin, Anton, Arcady, Arnaud, Audric, Auguste, Avrippe, Axel, Baralyn, Bastibien, Beaucourt, Berjac, Bernamund, Blaise, Charbriel, Cesarel, Clauvis, Clovis, Colane, Colbois, Colwyn, Coyne, Darien, Dariot, Delric, Doumant, Dureau, Edgard, Etienne, Eugien, Eustis, Fabremund, Farelle, Federic, Filibert, Foucault, Gaspard, Gastarge, Gaubert, Gavrard, Georges, Gerbert, Gil, Gilgoire, Gregoire, Guillaume, Guilliot, Guy, Harcourt, Henri, Ignace, Javerien, Javier, Jean, Joncis, Jonne, Kylian, Lanis, Lanovic, Leonce, Leonhard, Loic, Loucel, Louic, Louis, Lumagne, Mandel, Marq, Mathias, Maxevain, Michel, Milo, Miquel, Mollier, Nicolas, Olivier, Padier, Parriot, Phillic, Pierraud, Pierre, Popeil, Pugereau, Rayan, Redwyg, Remy, Ruffe, Sandor, Sebastien, Stelvene, Stephen, Theo, Theodore, Thibault, Thibaut, Thierry, Trystan, Vachel, Ylbore, Abel, Absolard, Absolet, Achibert, Adair, Adalard, Addrald, Adel, Adistair, Adnot, Adrien, Adrone, Adwig, Ailex, Aillard, Aime, Aimeric, Ajac, Alabane, Alaird, Albec, Albert, Aldouin, Aleron, Alexain, Alfred, Alinon, Alesace, Alessio, Alezan, Allan, Allunen, Alphaury, Alphonse, Alvaren, Alvuin, Amable, Amaury, Amberic, Amelus, Amiberl, Anatole, Ancus, Andbert, Andrec, Androche, Androne, Angof, Annibal, Antonin, Aphren, Archimbert, Archimbide, Aresin, Aribert, Armel, Armin, Arnand, Arniel, Arnitole, Arnoth, Arnousten, Arphevic, Arthur, Athanin, Athel, Atroque, Aude, Auglard, Aveberl, Avent, Balik, Balin, Banyrick, Barjot, Barnabe, Baryctor, Basile, Basilien, Bastien, Beaubel, Beaunois, Bedastair, Begnaud, Benjamund, Benjamyn, Benoit, Benry, Beran, Beric, Berjamund, Belic, Bernard, Bernardine, Bertran, Bertrand, Beryn, Blasius, Blithe, Boeuf, Bric, Brice, Bruc, Brulo, Brunile, Bruno, Brussec, Buneau, Burdog, Cahusque, Calden, Calixte, Canollot, Cantier, Casimir, Cavot, Celarion, Celnard, Cesamund, Chantot, Charlebert, Charlemic, Charlemund, Charlerel, Charleric, Charques, Chervain, Chrismin, Christoph, Christophe, Churley, Cimon, Claude, Claumin, Clement, Colby, Colwin, Condier, Condrenn, Connor, Corbyn, Cordier, Corentin, Corwyn, Craig, Crenard, Curnard, Curtice, Cyntoine, Cyrill, Dantoine, Dacele, Daimbert, Daine, Dalenc, Damard, Danders, Danforth, Dantoine, Danual, Danwyche, Darcy, Daribert, Dariel, Darrel, Darren, Darric, Darryn, Darvell, Davide, Davier, Davyd, Degaratien, Delane, Delven, Delvin, Ethian, Derrell, Destane, Deveral, Didier, Dimitri, Dorand, Dore, Dorel, Dracien, Dran, Draven, Drivien, Duncan, Dunimond, Dyric, Ealis, Edgard, Edmund, Edouard, Edreld, Edric, Edrien, Edryg, Edweg, Elbert, Ellic, Elnis, Emeric, Emiliard, Emmandic, Emmerard, Emory, Emoryan, Endemel, Ennemond, Enri, Enrick, Erind, Ernard, Ernele, Ernirus, Erold, Escabert, Escamel, Esmond, Esquier, Esteve, Estien, Estienn, Etiache, Evien, Evinn, Evrart, Fabrice, Faric, Farvour, Felipe, Felyx, Ferou, Ferrand, Finious, Florenot, Florent, Fonten, Fontenot, Franck, Francynak, Franque, Frederic, Frederuno, Frencque, Frizwyr, Frubert, Frugo, Fugues, Gabin, Gaboryan, Gabrien, Gabryel, Gaffer, Gailen, Gaillard, Ganet, Garbert, Garron, Garth, Gasparien, Gastau, Gasteau, Gaven, Gavin, Gavric, Gawayne, Gedric, Gelem, Gelvin, Gennove, Geonard, Gepelem, Geraud, Geric, Gernaud, Gerrald, Gessure, Gib, Gierry, Gilbert, Ginus, Giorges, Gitienne, Glaubert, Gondistair, Gordon, Gordyn, Goren, Graham, Grancis, Grandeau, Granden, Granier, Gregorius, Gregory, Grivier, Grobert, Grugues, Gudyn, Guitaut, Gustave, Guybert, Guymund, Guyseph, Gyrard, Hacques, Halar, Hamelyn, Handyn, Hannibal, Harald, Harbin, Haskill, Henrien, Herane, Heron, Herric, Hescot, Heseph, Hierot, Hilaire, Holbert, Hoster, Hubert, Huet, Hughes, Hulbert, Hurien, Idaron, Igleric, Igmund, Ignobert, Ilzo, Inwold, Irbran, Irnand, Jacmund, Jacques, Jadien, Jakarn, Janvin, Jarnot, Jascien, Jasper, Jean-Jacques, Jerall, Jeran, Jerard, Jeraud, Jernald, Jeromec, Jerromec, Jesper, Jimy, Joheric, Joile, Jolippe, Jollivet, Jonah, Jorden, Jossen, Jowan, Juberic, Juste, Kalhot, Kalin, Kareem, Kasorayn, Kathner, Kauric, Kellis, Kelmen, Kevinne, Kilian, Kip, Kirk, Krasdore, Kyrtos, Lanard, Lanobert, Lantoine, Laroche, Lauric, Laurient, Lazare, Leclaude, Len, Lenet, Lennoc, Leo, Leobert, Leobois, Leon, Leonaud, Leovic, Leric, Leseph, Lesuin, Lewin, Liam, Lionel, Lisien, Lorant, Lort, Loupel, Louveau, Luc, Ludippe, Lureau, Lurelien, Lyam, Maldred, Marbet, Marc, Marcel, Marchel, Marco, Marcoryan, Marjaques, Marley, Marnest, Marone, Marrec, Martin, Martine, Marwig, Mathon, Mathys, Matthew, Matthiaume, Matthieu, Matys, Maul, Maurice, Maxelot, Maxim, Mederic, Menoit, Merien, Merten, Merthyval, Merton, Michaniel, Michebert, Micholas, Mirasal, Mirten, Mivier, Morric, Morten, Morvan, Morven, Munche, Muran, Mylo, Nathaniel, Nellic, Nemic, Nepas, Nicholas, Nicolard, Nilas, Nirine, Noah, Noam, Nolore, Nombert, Nompar, Octin, Octivien, Odei, Olarz, Olwin, Omistyr, Ondre, Onfroi, Onri, Ormax, Orrard, Orvel, Oscar, Ouard, Oubelic, Ourson, Owen, Paldrin, Parelle, Parquier, Parsifal, Pascal, Pascual, Patraud, Paulemond, Paulin, Pavel, Percy, Perranas, Perrine, Perrot, Perry, Peryn, Peverel, Phaistyr, Phelain, Phelibert, Philien, Philimac, Phinis, Pierrand, Pierrant, Pierric, Pierrie, Pilou, Piper, Pitof, Porthippe, Praxin, Quentyn, Quinton, Quiston, Raldan, Rallaume, Ramis, Ranser, Raolin, Raphael, Raylen, Reberio, Reges, Remic, Renald, Renard, Renardou, Renchant, Renoit, Renko, Renwic, Rerlas, Reynard, Reynaud, Richard, Richarde, Richion, Richon, Ricque, Robert, Robier, Robyn, Rodmand, Rodolphe, Rodynak, Rogeraud, Rogier, Rogolphe, Rohlbert, Roland, Rolbert, Romain, Rubyn, Rurestian, Sadun, Saehon, Salach, Salazar, Sammis, Sarvith, Sebastian, Serge, Sergerien, Sernays, Serrien, Severin, Silas, Simine, Sirion, Solumor, Sorais, Soran, Sosil, Spencer, Stefan, Stenwick, Stephenn, Stephile, Sternis, Stibbons, Stral, Strastnoc, Styriche, Sunel, Suriel, Sutler, Tamien, Telfour, Tetra, Tevenot, Thadgen, Theobald, Theophile, Therich, Therron, Theyo, Thibauld, Thibierry, Thibret, Thierric, Thomase, Tildus, Timeo, Timmon, Timothee, Tom, Topheric, Torvic, Tourvic, Trano, Treves, Trierre, Tryste, Tsiniuc, Tyree, Urfon, Usquebald, Usquenot, Utheccan, Vaford, Valcent, Valentois, Vallis, Valton, Vance, Varaine, Vardan, Vaurice, Velan, Velian, Vencobert, Verdrey, Verel, Verney, Veronard, Verrik, Vertrand, Vicmond, Victraud, Vierry, Vignac, Vilhim, Vilum, Vincebald, Vincein, Virgeraud, Virgile, Vontan, Vorthag, Vyctor, Vyrois, Warrane, Wilkes, William, Wylon, Wynn, Xandier, Xavier, Xavippe, Yanis, Ylvandre, Yncien, Yngwie, Yugene, Zacharie, Zackael, Zakhaleh, Zalbec, Zavierry, Zavour, Zibaran